,source,target,graph
0,1,2,1
2,1,3,1
4,1,4,1
6,1,5,1
8,1,6,1
10,1,7,1
12,1,8,1
14,1,9,1
16,1,10,1
18,1,11,1
20,1,12,1
22,1,13,1
24,1,14,1
26,1,15,1
28,1,16,1
30,1,17,1
32,1,18,1
34,1,19,1
36,1,20,1
38,1,21,1
40,1,22,1
42,1,23,1
44,1,24,1
46,1,25,1
48,1,26,1
50,1,27,1
52,1,28,1
54,1,29,1
56,1,30,1
58,1,31,1
60,1,32,1
62,1,33,1
64,1,34,1
66,1,35,1
68,1,36,1
70,1,37,1
72,1,38,1
74,1,39,1
76,1,40,1
78,1,41,1
80,1,42,1
82,1,43,1
84,1,44,1
86,1,45,1
89,1,2,1
177,1,3,1
265,1,4,1
353,1,5,1
441,1,6,1
529,1,7,1
617,1,8,1
705,1,9,1
793,1,10,1
881,1,11,1
969,1,12,1
1057,1,13,1
1145,1,14,1
1233,1,15,1
1321,1,16,1
1409,1,17,1
1497,1,18,1
1585,1,19,1
1673,1,20,1
1761,1,21,1
1849,1,22,1
1937,1,23,1
2025,1,24,1
2113,1,25,1
2201,1,26,1
2289,1,27,1
2377,1,28,1
2465,1,29,1
2553,1,30,1
2641,1,31,1
2729,1,32,1
2817,1,33,1
2905,1,34,1
2993,1,35,1
3081,1,36,1
3169,1,37,1
3257,1,38,1
3345,1,39,1
3433,1,40,1
3521,1,41,1
3609,1,42,1
3697,1,43,1
3785,1,44,1
3873,1,45,1
1,2,1,1
88,2,1,1
90,2,3,1
92,2,4,1
94,2,5,1
96,2,6,1
98,2,7,1
100,2,8,1
102,2,9,1
104,2,10,1
106,2,11,1
108,2,12,1
110,2,13,1
112,2,14,1
114,2,15,1
116,2,16,1
118,2,17,1
120,2,18,1
122,2,19,1
124,2,20,1
126,2,21,1
128,2,22,1
130,2,23,1
132,2,24,1
134,2,25,1
136,2,26,1
138,2,27,1
140,2,28,1
142,2,29,1
144,2,30,1
146,2,31,1
148,2,32,1
150,2,33,1
152,2,34,1
154,2,35,1
156,2,36,1
158,2,37,1
160,2,38,1
162,2,39,1
164,2,40,1
166,2,41,1
168,2,42,1
170,2,43,1
172,2,44,1
174,2,45,1
179,2,3,1
267,2,4,1
355,2,5,1
443,2,6,1
531,2,7,1
619,2,8,1
707,2,9,1
795,2,10,1
883,2,11,1
971,2,12,1
1059,2,13,1
1147,2,14,1
1235,2,15,1
1323,2,16,1
1411,2,17,1
1499,2,18,1
1587,2,19,1
1675,2,20,1
1763,2,21,1
1851,2,22,1
1939,2,23,1
2027,2,24,1
2115,2,25,1
2203,2,26,1
2291,2,27,1
2379,2,28,1
2467,2,29,1
2555,2,30,1
2643,2,31,1
2731,2,32,1
2819,2,33,1
2907,2,34,1
2995,2,35,1
3083,2,36,1
3171,2,37,1
3259,2,38,1
3347,2,39,1
3435,2,40,1
3523,2,41,1
3611,2,42,1
3699,2,43,1
3787,2,44,1
3875,2,45,1
3,3,1,1
91,3,2,1
176,3,1,1
178,3,2,1
180,3,4,1
182,3,5,1
184,3,6,1
186,3,7,1
188,3,8,1
190,3,9,1
192,3,10,1
194,3,11,1
196,3,12,1
198,3,13,1
200,3,14,1
202,3,15,1
204,3,16,1
206,3,17,1
208,3,18,1
210,3,19,1
212,3,20,1
214,3,21,1
216,3,22,1
218,3,23,1
220,3,24,1
222,3,25,1
224,3,26,1
226,3,27,1
228,3,28,1
230,3,29,1
232,3,30,1
234,3,31,1
236,3,32,1
238,3,33,1
240,3,34,1
242,3,35,1
244,3,36,1
246,3,37,1
248,3,38,1
250,3,39,1
252,3,40,1
254,3,41,1
256,3,42,1
258,3,43,1
260,3,44,1
262,3,45,1
269,3,4,1
357,3,5,1
445,3,6,1
533,3,7,1
621,3,8,1
709,3,9,1
797,3,10,1
885,3,11,1
973,3,12,1
1061,3,13,1
1149,3,14,1
1237,3,15,1
1325,3,16,1
1413,3,17,1
1501,3,18,1
1589,3,19,1
1677,3,20,1
1765,3,21,1
1853,3,22,1
1941,3,23,1
2029,3,24,1
2117,3,25,1
2205,3,26,1
2293,3,27,1
2381,3,28,1
2469,3,29,1
2557,3,30,1
2645,3,31,1
2733,3,32,1
2821,3,33,1
2909,3,34,1
2997,3,35,1
3085,3,36,1
3173,3,37,1
3261,3,38,1
3349,3,39,1
3437,3,40,1
3525,3,41,1
3613,3,42,1
3701,3,43,1
3789,3,44,1
3877,3,45,1
5,4,1,1
93,4,2,1
181,4,3,1
264,4,1,1
266,4,2,1
268,4,3,1
270,4,5,1
272,4,6,1
274,4,7,1
276,4,8,1
278,4,9,1
280,4,10,1
282,4,11,1
284,4,12,1
286,4,13,1
288,4,14,1
290,4,15,1
292,4,16,1
294,4,17,1
296,4,18,1
298,4,19,1
300,4,20,1
302,4,21,1
304,4,22,1
306,4,23,1
308,4,24,1
310,4,25,1
312,4,26,1
314,4,27,1
316,4,28,1
318,4,29,1
320,4,30,1
322,4,31,1
324,4,32,1
326,4,33,1
328,4,34,1
330,4,35,1
332,4,36,1
334,4,37,1
336,4,38,1
338,4,39,1
340,4,40,1
342,4,41,1
344,4,42,1
346,4,43,1
348,4,44,1
350,4,45,1
359,4,5,1
447,4,6,1
535,4,7,1
623,4,8,1
711,4,9,1
799,4,10,1
887,4,11,1
975,4,12,1
1063,4,13,1
1151,4,14,1
1239,4,15,1
1327,4,16,1
1415,4,17,1
1503,4,18,1
1591,4,19,1
1679,4,20,1
1767,4,21,1
1855,4,22,1
1943,4,23,1
2031,4,24,1
2119,4,25,1
2207,4,26,1
2295,4,27,1
2383,4,28,1
2471,4,29,1
2559,4,30,1
2647,4,31,1
2735,4,32,1
2823,4,33,1
2911,4,34,1
2999,4,35,1
3087,4,36,1
3175,4,37,1
3263,4,38,1
3351,4,39,1
3439,4,40,1
3527,4,41,1
3615,4,42,1
3703,4,43,1
3791,4,44,1
3879,4,45,1
7,5,1,1
95,5,2,1
183,5,3,1
271,5,4,1
352,5,1,1
354,5,2,1
356,5,3,1
358,5,4,1
360,5,6,1
362,5,7,1
364,5,8,1
366,5,9,1
368,5,10,1
370,5,11,1
372,5,12,1
374,5,13,1
376,5,14,1
378,5,15,1
380,5,16,1
382,5,17,1
384,5,18,1
386,5,19,1
388,5,20,1
390,5,21,1
392,5,22,1
394,5,23,1
396,5,24,1
398,5,25,1
400,5,26,1
402,5,27,1
404,5,28,1
406,5,29,1
408,5,30,1
410,5,31,1
412,5,32,1
414,5,33,1
416,5,34,1
418,5,35,1
420,5,36,1
422,5,37,1
424,5,38,1
426,5,39,1
428,5,40,1
430,5,41,1
432,5,42,1
434,5,43,1
436,5,44,1
438,5,45,1
449,5,6,1
537,5,7,1
625,5,8,1
713,5,9,1
801,5,10,1
889,5,11,1
977,5,12,1
1065,5,13,1
1153,5,14,1
1241,5,15,1
1329,5,16,1
1417,5,17,1
1505,5,18,1
1593,5,19,1
1681,5,20,1
1769,5,21,1
1857,5,22,1
1945,5,23,1
2033,5,24,1
2121,5,25,1
2209,5,26,1
2297,5,27,1
2385,5,28,1
2473,5,29,1
2561,5,30,1
2649,5,31,1
2737,5,32,1
2825,5,33,1
2913,5,34,1
3001,5,35,1
3089,5,36,1
3177,5,37,1
3265,5,38,1
3353,5,39,1
3441,5,40,1
3529,5,41,1
3617,5,42,1
3705,5,43,1
3793,5,44,1
3881,5,45,1
9,6,1,1
97,6,2,1
185,6,3,1
273,6,4,1
361,6,5,1
440,6,1,1
442,6,2,1
444,6,3,1
446,6,4,1
448,6,5,1
450,6,7,1
452,6,8,1
454,6,9,1
456,6,10,1
458,6,11,1
460,6,12,1
462,6,13,1
464,6,14,1
466,6,15,1
468,6,16,1
470,6,17,1
472,6,18,1
474,6,19,1
476,6,20,1
478,6,21,1
480,6,22,1
482,6,23,1
484,6,24,1
486,6,25,1
488,6,26,1
490,6,27,1
492,6,28,1
494,6,29,1
496,6,30,1
498,6,31,1
500,6,32,1
502,6,33,1
504,6,34,1
506,6,35,1
508,6,36,1
510,6,37,1
512,6,38,1
514,6,39,1
516,6,40,1
518,6,41,1
520,6,42,1
522,6,43,1
524,6,44,1
526,6,45,1
539,6,7,1
627,6,8,1
715,6,9,1
803,6,10,1
891,6,11,1
979,6,12,1
1067,6,13,1
1155,6,14,1
1243,6,15,1
1331,6,16,1
1419,6,17,1
1507,6,18,1
1595,6,19,1
1683,6,20,1
1771,6,21,1
1859,6,22,1
1947,6,23,1
2035,6,24,1
2123,6,25,1
2211,6,26,1
2299,6,27,1
2387,6,28,1
2475,6,29,1
2563,6,30,1
2651,6,31,1
2739,6,32,1
2827,6,33,1
2915,6,34,1
3003,6,35,1
3091,6,36,1
3179,6,37,1
3267,6,38,1
3355,6,39,1
3443,6,40,1
3531,6,41,1
3619,6,42,1
3707,6,43,1
3795,6,44,1
3883,6,45,1
11,7,1,1
99,7,2,1
187,7,3,1
275,7,4,1
363,7,5,1
451,7,6,1
528,7,1,1
530,7,2,1
532,7,3,1
534,7,4,1
536,7,5,1
538,7,6,1
540,7,8,1
542,7,9,1
544,7,10,1
546,7,11,1
548,7,12,1
550,7,13,1
552,7,14,1
554,7,15,1
556,7,16,1
558,7,17,1
560,7,18,1
562,7,19,1
564,7,20,1
566,7,21,1
568,7,22,1
570,7,23,1
572,7,24,1
574,7,25,1
576,7,26,1
578,7,27,1
580,7,28,1
582,7,29,1
584,7,30,1
586,7,31,1
588,7,32,1
590,7,33,1
592,7,34,1
594,7,35,1
596,7,36,1
598,7,37,1
600,7,38,1
602,7,39,1
604,7,40,1
606,7,41,1
608,7,42,1
610,7,43,1
612,7,44,1
614,7,45,1
629,7,8,1
717,7,9,1
805,7,10,1
893,7,11,1
981,7,12,1
1069,7,13,1
1157,7,14,1
1245,7,15,1
1333,7,16,1
1421,7,17,1
1509,7,18,1
1597,7,19,1
1685,7,20,1
1773,7,21,1
1861,7,22,1
1949,7,23,1
2037,7,24,1
2125,7,25,1
2213,7,26,1
2301,7,27,1
2389,7,28,1
2477,7,29,1
2565,7,30,1
2653,7,31,1
2741,7,32,1
2829,7,33,1
2917,7,34,1
3005,7,35,1
3093,7,36,1
3181,7,37,1
3269,7,38,1
3357,7,39,1
3445,7,40,1
3533,7,41,1
3621,7,42,1
3709,7,43,1
3797,7,44,1
3885,7,45,1
13,8,1,1
101,8,2,1
189,8,3,1
277,8,4,1
365,8,5,1
453,8,6,1
541,8,7,1
616,8,1,1
618,8,2,1
620,8,3,1
622,8,4,1
624,8,5,1
626,8,6,1
628,8,7,1
630,8,9,1
632,8,10,1
634,8,11,1
636,8,12,1
638,8,13,1
640,8,14,1
642,8,15,1
644,8,16,1
646,8,17,1
648,8,18,1
650,8,19,1
652,8,20,1
654,8,21,1
656,8,22,1
658,8,23,1
660,8,24,1
662,8,25,1
664,8,26,1
666,8,27,1
668,8,28,1
670,8,29,1
672,8,30,1
674,8,31,1
676,8,32,1
678,8,33,1
680,8,34,1
682,8,35,1
684,8,36,1
686,8,37,1
688,8,38,1
690,8,39,1
692,8,40,1
694,8,41,1
696,8,42,1
698,8,43,1
700,8,44,1
702,8,45,1
719,8,9,1
807,8,10,1
895,8,11,1
983,8,12,1
1071,8,13,1
1159,8,14,1
1247,8,15,1
1335,8,16,1
1423,8,17,1
1511,8,18,1
1599,8,19,1
1687,8,20,1
1775,8,21,1
1863,8,22,1
1951,8,23,1
2039,8,24,1
2127,8,25,1
2215,8,26,1
2303,8,27,1
2391,8,28,1
2479,8,29,1
2567,8,30,1
2655,8,31,1
2743,8,32,1
2831,8,33,1
2919,8,34,1
3007,8,35,1
3095,8,36,1
3183,8,37,1
3271,8,38,1
3359,8,39,1
3447,8,40,1
3535,8,41,1
3623,8,42,1
3711,8,43,1
3799,8,44,1
3887,8,45,1
15,9,1,1
103,9,2,1
191,9,3,1
279,9,4,1
367,9,5,1
455,9,6,1
543,9,7,1
631,9,8,1
704,9,1,1
706,9,2,1
708,9,3,1
710,9,4,1
712,9,5,1
714,9,6,1
716,9,7,1
718,9,8,1
720,9,10,1
722,9,11,1
724,9,12,1
726,9,13,1
728,9,14,1
730,9,15,1
732,9,16,1
734,9,17,1
736,9,18,1
738,9,19,1
740,9,20,1
742,9,21,1
744,9,22,1
746,9,23,1
748,9,24,1
750,9,25,1
752,9,26,1
754,9,27,1
756,9,28,1
758,9,29,1
760,9,30,1
762,9,31,1
764,9,32,1
766,9,33,1
768,9,34,1
770,9,35,1
772,9,36,1
774,9,37,1
776,9,38,1
778,9,39,1
780,9,40,1
782,9,41,1
784,9,42,1
786,9,43,1
788,9,44,1
790,9,45,1
809,9,10,1
897,9,11,1
985,9,12,1
1073,9,13,1
1161,9,14,1
1249,9,15,1
1337,9,16,1
1425,9,17,1
1513,9,18,1
1601,9,19,1
1689,9,20,1
1777,9,21,1
1865,9,22,1
1953,9,23,1
2041,9,24,1
2129,9,25,1
2217,9,26,1
2305,9,27,1
2393,9,28,1
2481,9,29,1
2569,9,30,1
2657,9,31,1
2745,9,32,1
2833,9,33,1
2921,9,34,1
3009,9,35,1
3097,9,36,1
3185,9,37,1
3273,9,38,1
3361,9,39,1
3449,9,40,1
3537,9,41,1
3625,9,42,1
3713,9,43,1
3801,9,44,1
3889,9,45,1
17,10,1,1
105,10,2,1
193,10,3,1
281,10,4,1
369,10,5,1
457,10,6,1
545,10,7,1
633,10,8,1
721,10,9,1
792,10,1,1
794,10,2,1
796,10,3,1
798,10,4,1
800,10,5,1
802,10,6,1
804,10,7,1
806,10,8,1
808,10,9,1
810,10,11,1
812,10,12,1
814,10,13,1
816,10,14,1
818,10,15,1
820,10,16,1
822,10,17,1
824,10,18,1
826,10,19,1
828,10,20,1
830,10,21,1
832,10,22,1
834,10,23,1
836,10,24,1
838,10,25,1
840,10,26,1
842,10,27,1
844,10,28,1
846,10,29,1
848,10,30,1
850,10,31,1
852,10,32,1
854,10,33,1
856,10,34,1
858,10,35,1
860,10,36,1
862,10,37,1
864,10,38,1
866,10,39,1
868,10,40,1
870,10,41,1
872,10,42,1
874,10,43,1
876,10,44,1
878,10,45,1
899,10,11,1
987,10,12,1
1075,10,13,1
1163,10,14,1
1251,10,15,1
1339,10,16,1
1427,10,17,1
1515,10,18,1
1603,10,19,1
1691,10,20,1
1779,10,21,1
1867,10,22,1
1955,10,23,1
2043,10,24,1
2131,10,25,1
2219,10,26,1
2307,10,27,1
2395,10,28,1
2483,10,29,1
2571,10,30,1
2659,10,31,1
2747,10,32,1
2835,10,33,1
2923,10,34,1
3011,10,35,1
3099,10,36,1
3187,10,37,1
3275,10,38,1
3363,10,39,1
3451,10,40,1
3539,10,41,1
3627,10,42,1
3715,10,43,1
3803,10,44,1
3891,10,45,1
19,11,1,1
107,11,2,1
195,11,3,1
283,11,4,1
371,11,5,1
459,11,6,1
547,11,7,1
635,11,8,1
723,11,9,1
811,11,10,1
880,11,1,1
882,11,2,1
884,11,3,1
886,11,4,1
888,11,5,1
890,11,6,1
892,11,7,1
894,11,8,1
896,11,9,1
898,11,10,1
900,11,12,1
902,11,13,1
904,11,14,1
906,11,15,1
908,11,16,1
910,11,17,1
912,11,18,1
914,11,19,1
916,11,20,1
918,11,21,1
920,11,22,1
922,11,23,1
924,11,24,1
926,11,25,1
928,11,26,1
930,11,27,1
932,11,28,1
934,11,29,1
936,11,30,1
938,11,31,1
940,11,32,1
942,11,33,1
944,11,34,1
946,11,35,1
948,11,36,1
950,11,37,1
952,11,38,1
954,11,39,1
956,11,40,1
958,11,41,1
960,11,42,1
962,11,43,1
964,11,44,1
966,11,45,1
989,11,12,1
1077,11,13,1
1165,11,14,1
1253,11,15,1
1341,11,16,1
1429,11,17,1
1517,11,18,1
1605,11,19,1
1693,11,20,1
1781,11,21,1
1869,11,22,1
1957,11,23,1
2045,11,24,1
2133,11,25,1
2221,11,26,1
2309,11,27,1
2397,11,28,1
2485,11,29,1
2573,11,30,1
2661,11,31,1
2749,11,32,1
2837,11,33,1
2925,11,34,1
3013,11,35,1
3101,11,36,1
3189,11,37,1
3277,11,38,1
3365,11,39,1
3453,11,40,1
3541,11,41,1
3629,11,42,1
3717,11,43,1
3805,11,44,1
3893,11,45,1
21,12,1,1
109,12,2,1
197,12,3,1
285,12,4,1
373,12,5,1
461,12,6,1
549,12,7,1
637,12,8,1
725,12,9,1
813,12,10,1
901,12,11,1
968,12,1,1
970,12,2,1
972,12,3,1
974,12,4,1
976,12,5,1
978,12,6,1
980,12,7,1
982,12,8,1
984,12,9,1
986,12,10,1
988,12,11,1
990,12,13,1
992,12,14,1
994,12,15,1
996,12,16,1
998,12,17,1
1000,12,18,1
1002,12,19,1
1004,12,20,1
1006,12,21,1
1008,12,22,1
1010,12,23,1
1012,12,24,1
1014,12,25,1
1016,12,26,1
1018,12,27,1
1020,12,28,1
1022,12,29,1
1024,12,30,1
1026,12,31,1
1028,12,32,1
1030,12,33,1
1032,12,34,1
1034,12,35,1
1036,12,36,1
1038,12,37,1
1040,12,38,1
1042,12,39,1
1044,12,40,1
1046,12,41,1
1048,12,42,1
1050,12,43,1
1052,12,44,1
1054,12,45,1
1079,12,13,1
1167,12,14,1
1255,12,15,1
1343,12,16,1
1431,12,17,1
1519,12,18,1
1607,12,19,1
1695,12,20,1
1783,12,21,1
1871,12,22,1
1959,12,23,1
2047,12,24,1
2135,12,25,1
2223,12,26,1
2311,12,27,1
2399,12,28,1
2487,12,29,1
2575,12,30,1
2663,12,31,1
2751,12,32,1
2839,12,33,1
2927,12,34,1
3015,12,35,1
3103,12,36,1
3191,12,37,1
3279,12,38,1
3367,12,39,1
3455,12,40,1
3543,12,41,1
3631,12,42,1
3719,12,43,1
3807,12,44,1
3895,12,45,1
23,13,1,1
111,13,2,1
199,13,3,1
287,13,4,1
375,13,5,1
463,13,6,1
551,13,7,1
639,13,8,1
727,13,9,1
815,13,10,1
903,13,11,1
991,13,12,1
1056,13,1,1
1058,13,2,1
1060,13,3,1
1062,13,4,1
1064,13,5,1
1066,13,6,1
1068,13,7,1
1070,13,8,1
1072,13,9,1
1074,13,10,1
1076,13,11,1
1078,13,12,1
1080,13,14,1
1082,13,15,1
1084,13,16,1
1086,13,17,1
1088,13,18,1
1090,13,19,1
1092,13,20,1
1094,13,21,1
1096,13,22,1
1098,13,23,1
1100,13,24,1
1102,13,25,1
1104,13,26,1
1106,13,27,1
1108,13,28,1
1110,13,29,1
1112,13,30,1
1114,13,31,1
1116,13,32,1
1118,13,33,1
1120,13,34,1
1122,13,35,1
1124,13,36,1
1126,13,37,1
1128,13,38,1
1130,13,39,1
1132,13,40,1
1134,13,41,1
1136,13,42,1
1138,13,43,1
1140,13,44,1
1142,13,45,1
1169,13,14,1
1257,13,15,1
1345,13,16,1
1433,13,17,1
1521,13,18,1
1609,13,19,1
1697,13,20,1
1785,13,21,1
1873,13,22,1
1961,13,23,1
2049,13,24,1
2137,13,25,1
2225,13,26,1
2313,13,27,1
2401,13,28,1
2489,13,29,1
2577,13,30,1
2665,13,31,1
2753,13,32,1
2841,13,33,1
2929,13,34,1
3017,13,35,1
3105,13,36,1
3193,13,37,1
3281,13,38,1
3369,13,39,1
3457,13,40,1
3545,13,41,1
3633,13,42,1
3721,13,43,1
3809,13,44,1
3897,13,45,1
25,14,1,1
113,14,2,1
201,14,3,1
289,14,4,1
377,14,5,1
465,14,6,1
553,14,7,1
641,14,8,1
729,14,9,1
817,14,10,1
905,14,11,1
993,14,12,1
1081,14,13,1
1144,14,1,1
1146,14,2,1
1148,14,3,1
1150,14,4,1
1152,14,5,1
1154,14,6,1
1156,14,7,1
1158,14,8,1
1160,14,9,1
1162,14,10,1
1164,14,11,1
1166,14,12,1
1168,14,13,1
1170,14,15,1
1172,14,16,1
1174,14,17,1
1176,14,18,1
1178,14,19,1
1180,14,20,1
1182,14,21,1
1184,14,22,1
1186,14,23,1
1188,14,24,1
1190,14,25,1
1192,14,26,1
1194,14,27,1
1196,14,28,1
1198,14,29,1
1200,14,30,1
1202,14,31,1
1204,14,32,1
1206,14,33,1
1208,14,34,1
1210,14,35,1
1212,14,36,1
1214,14,37,1
1216,14,38,1
1218,14,39,1
1220,14,40,1
1222,14,41,1
1224,14,42,1
1226,14,43,1
1228,14,44,1
1230,14,45,1
1259,14,15,1
1347,14,16,1
1435,14,17,1
1523,14,18,1
1611,14,19,1
1699,14,20,1
1787,14,21,1
1875,14,22,1
1963,14,23,1
2051,14,24,1
2139,14,25,1
2227,14,26,1
2315,14,27,1
2403,14,28,1
2491,14,29,1
2579,14,30,1
2667,14,31,1
2755,14,32,1
2843,14,33,1
2931,14,34,1
3019,14,35,1
3107,14,36,1
3195,14,37,1
3283,14,38,1
3371,14,39,1
3459,14,40,1
3547,14,41,1
3635,14,42,1
3723,14,43,1
3811,14,44,1
3899,14,45,1
27,15,1,1
115,15,2,1
203,15,3,1
291,15,4,1
379,15,5,1
467,15,6,1
555,15,7,1
643,15,8,1
731,15,9,1
819,15,10,1
907,15,11,1
995,15,12,1
1083,15,13,1
1171,15,14,1
1232,15,1,1
1234,15,2,1
1236,15,3,1
1238,15,4,1
1240,15,5,1
1242,15,6,1
1244,15,7,1
1246,15,8,1
1248,15,9,1
1250,15,10,1
1252,15,11,1
1254,15,12,1
1256,15,13,1
1258,15,14,1
1260,15,16,1
1262,15,17,1
1264,15,18,1
1266,15,19,1
1268,15,20,1
1270,15,21,1
1272,15,22,1
1274,15,23,1
1276,15,24,1
1278,15,25,1
1280,15,26,1
1282,15,27,1
1284,15,28,1
1286,15,29,1
1288,15,30,1
1290,15,31,1
1292,15,32,1
1294,15,33,1
1296,15,34,1
1298,15,35,1
1300,15,36,1
1302,15,37,1
1304,15,38,1
1306,15,39,1
1308,15,40,1
1310,15,41,1
1312,15,42,1
1314,15,43,1
1316,15,44,1
1318,15,45,1
1349,15,16,1
1437,15,17,1
1525,15,18,1
1613,15,19,1
1701,15,20,1
1789,15,21,1
1877,15,22,1
1965,15,23,1
2053,15,24,1
2141,15,25,1
2229,15,26,1
2317,15,27,1
2405,15,28,1
2493,15,29,1
2581,15,30,1
2669,15,31,1
2757,15,32,1
2845,15,33,1
2933,15,34,1
3021,15,35,1
3109,15,36,1
3197,15,37,1
3285,15,38,1
3373,15,39,1
3461,15,40,1
3549,15,41,1
3637,15,42,1
3725,15,43,1
3813,15,44,1
3901,15,45,1
29,16,1,1
117,16,2,1
205,16,3,1
293,16,4,1
381,16,5,1
469,16,6,1
557,16,7,1
645,16,8,1
733,16,9,1
821,16,10,1
909,16,11,1
997,16,12,1
1085,16,13,1
1173,16,14,1
1261,16,15,1
1320,16,1,1
1322,16,2,1
1324,16,3,1
1326,16,4,1
1328,16,5,1
1330,16,6,1
1332,16,7,1
1334,16,8,1
1336,16,9,1
1338,16,10,1
1340,16,11,1
1342,16,12,1
1344,16,13,1
1346,16,14,1
1348,16,15,1
1350,16,17,1
1352,16,18,1
1354,16,19,1
1356,16,20,1
1358,16,21,1
1360,16,22,1
1362,16,23,1
1364,16,24,1
1366,16,25,1
1368,16,26,1
1370,16,27,1
1372,16,28,1
1374,16,29,1
1376,16,30,1
1378,16,31,1
1380,16,32,1
1382,16,33,1
1384,16,34,1
1386,16,35,1
1388,16,36,1
1390,16,37,1
1392,16,38,1
1394,16,39,1
1396,16,40,1
1398,16,41,1
1400,16,42,1
1402,16,43,1
1404,16,44,1
1406,16,45,1
1439,16,17,1
1527,16,18,1
1615,16,19,1
1703,16,20,1
1791,16,21,1
1879,16,22,1
1967,16,23,1
2055,16,24,1
2143,16,25,1
2231,16,26,1
2319,16,27,1
2407,16,28,1
2495,16,29,1
2583,16,30,1
2671,16,31,1
2759,16,32,1
2847,16,33,1
2935,16,34,1
3023,16,35,1
3111,16,36,1
3199,16,37,1
3287,16,38,1
3375,16,39,1
3463,16,40,1
3551,16,41,1
3639,16,42,1
3727,16,43,1
3815,16,44,1
3903,16,45,1
31,17,1,1
119,17,2,1
207,17,3,1
295,17,4,1
383,17,5,1
471,17,6,1
559,17,7,1
647,17,8,1
735,17,9,1
823,17,10,1
911,17,11,1
999,17,12,1
1087,17,13,1
1175,17,14,1
1263,17,15,1
1351,17,16,1
1408,17,1,1
1410,17,2,1
1412,17,3,1
1414,17,4,1
1416,17,5,1
1418,17,6,1
1420,17,7,1
1422,17,8,1
1424,17,9,1
1426,17,10,1
1428,17,11,1
1430,17,12,1
1432,17,13,1
1434,17,14,1
1436,17,15,1
1438,17,16,1
1440,17,18,1
1442,17,19,1
1444,17,20,1
1446,17,21,1
1448,17,22,1
1450,17,23,1
1452,17,24,1
1454,17,25,1
1456,17,26,1
1458,17,27,1
1460,17,28,1
1462,17,29,1
1464,17,30,1
1466,17,31,1
1468,17,32,1
1470,17,33,1
1472,17,34,1
1474,17,35,1
1476,17,36,1
1478,17,37,1
1480,17,38,1
1482,17,39,1
1484,17,40,1
1486,17,41,1
1488,17,42,1
1490,17,43,1
1492,17,44,1
1494,17,45,1
1529,17,18,1
1617,17,19,1
1705,17,20,1
1793,17,21,1
1881,17,22,1
1969,17,23,1
2057,17,24,1
2145,17,25,1
2233,17,26,1
2321,17,27,1
2409,17,28,1
2497,17,29,1
2585,17,30,1
2673,17,31,1
2761,17,32,1
2849,17,33,1
2937,17,34,1
3025,17,35,1
3113,17,36,1
3201,17,37,1
3289,17,38,1
3377,17,39,1
3465,17,40,1
3553,17,41,1
3641,17,42,1
3729,17,43,1
3817,17,44,1
3905,17,45,1
33,18,1,1
121,18,2,1
209,18,3,1
297,18,4,1
385,18,5,1
473,18,6,1
561,18,7,1
649,18,8,1
737,18,9,1
825,18,10,1
913,18,11,1
1001,18,12,1
1089,18,13,1
1177,18,14,1
1265,18,15,1
1353,18,16,1
1441,18,17,1
1496,18,1,1
1498,18,2,1
1500,18,3,1
1502,18,4,1
1504,18,5,1
1506,18,6,1
1508,18,7,1
1510,18,8,1
1512,18,9,1
1514,18,10,1
1516,18,11,1
1518,18,12,1
1520,18,13,1
1522,18,14,1
1524,18,15,1
1526,18,16,1
1528,18,17,1
1530,18,19,1
1532,18,20,1
1534,18,21,1
1536,18,22,1
1538,18,23,1
1540,18,24,1
1542,18,25,1
1544,18,26,1
1546,18,27,1
1548,18,28,1
1550,18,29,1
1552,18,30,1
1554,18,31,1
1556,18,32,1
1558,18,33,1
1560,18,34,1
1562,18,35,1
1564,18,36,1
1566,18,37,1
1568,18,38,1
1570,18,39,1
1572,18,40,1
1574,18,41,1
1576,18,42,1
1578,18,43,1
1580,18,44,1
1582,18,45,1
1619,18,19,1
1707,18,20,1
1795,18,21,1
1883,18,22,1
1971,18,23,1
2059,18,24,1
2147,18,25,1
2235,18,26,1
2323,18,27,1
2411,18,28,1
2499,18,29,1
2587,18,30,1
2675,18,31,1
2763,18,32,1
2851,18,33,1
2939,18,34,1
3027,18,35,1
3115,18,36,1
3203,18,37,1
3291,18,38,1
3379,18,39,1
3467,18,40,1
3555,18,41,1
3643,18,42,1
3731,18,43,1
3819,18,44,1
3907,18,45,1
35,19,1,1
123,19,2,1
211,19,3,1
299,19,4,1
387,19,5,1
475,19,6,1
563,19,7,1
651,19,8,1
739,19,9,1
827,19,10,1
915,19,11,1
1003,19,12,1
1091,19,13,1
1179,19,14,1
1267,19,15,1
1355,19,16,1
1443,19,17,1
1531,19,18,1
1584,19,1,1
1586,19,2,1
1588,19,3,1
1590,19,4,1
1592,19,5,1
1594,19,6,1
1596,19,7,1
1598,19,8,1
1600,19,9,1
1602,19,10,1
1604,19,11,1
1606,19,12,1
1608,19,13,1
1610,19,14,1
1612,19,15,1
1614,19,16,1
1616,19,17,1
1618,19,18,1
1620,19,20,1
1622,19,21,1
1624,19,22,1
1626,19,23,1
1628,19,24,1
1630,19,25,1
1632,19,26,1
1634,19,27,1
1636,19,28,1
1638,19,29,1
1640,19,30,1
1642,19,31,1
1644,19,32,1
1646,19,33,1
1648,19,34,1
1650,19,35,1
1652,19,36,1
1654,19,37,1
1656,19,38,1
1658,19,39,1
1660,19,40,1
1662,19,41,1
1664,19,42,1
1666,19,43,1
1668,19,44,1
1670,19,45,1
1709,19,20,1
1797,19,21,1
1885,19,22,1
1973,19,23,1
2061,19,24,1
2149,19,25,1
2237,19,26,1
2325,19,27,1
2413,19,28,1
2501,19,29,1
2589,19,30,1
2677,19,31,1
2765,19,32,1
2853,19,33,1
2941,19,34,1
3029,19,35,1
3117,19,36,1
3205,19,37,1
3293,19,38,1
3381,19,39,1
3469,19,40,1
3557,19,41,1
3645,19,42,1
3733,19,43,1
3821,19,44,1
3909,19,45,1
37,20,1,1
125,20,2,1
213,20,3,1
301,20,4,1
389,20,5,1
477,20,6,1
565,20,7,1
653,20,8,1
741,20,9,1
829,20,10,1
917,20,11,1
1005,20,12,1
1093,20,13,1
1181,20,14,1
1269,20,15,1
1357,20,16,1
1445,20,17,1
1533,20,18,1
1621,20,19,1
1672,20,1,1
1674,20,2,1
1676,20,3,1
1678,20,4,1
1680,20,5,1
1682,20,6,1
1684,20,7,1
1686,20,8,1
1688,20,9,1
1690,20,10,1
1692,20,11,1
1694,20,12,1
1696,20,13,1
1698,20,14,1
1700,20,15,1
1702,20,16,1
1704,20,17,1
1706,20,18,1
1708,20,19,1
1710,20,21,1
1712,20,22,1
1714,20,23,1
1716,20,24,1
1718,20,25,1
1720,20,26,1
1722,20,27,1
1724,20,28,1
1726,20,29,1
1728,20,30,1
1730,20,31,1
1732,20,32,1
1734,20,33,1
1736,20,34,1
1738,20,35,1
1740,20,36,1
1742,20,37,1
1744,20,38,1
1746,20,39,1
1748,20,40,1
1750,20,41,1
1752,20,42,1
1754,20,43,1
1756,20,44,1
1758,20,45,1
1799,20,21,1
1887,20,22,1
1975,20,23,1
2063,20,24,1
2151,20,25,1
2239,20,26,1
2327,20,27,1
2415,20,28,1
2503,20,29,1
2591,20,30,1
2679,20,31,1
2767,20,32,1
2855,20,33,1
2943,20,34,1
3031,20,35,1
3119,20,36,1
3207,20,37,1
3295,20,38,1
3383,20,39,1
3471,20,40,1
3559,20,41,1
3647,20,42,1
3735,20,43,1
3823,20,44,1
3911,20,45,1
39,21,1,1
127,21,2,1
215,21,3,1
303,21,4,1
391,21,5,1
479,21,6,1
567,21,7,1
655,21,8,1
743,21,9,1
831,21,10,1
919,21,11,1
1007,21,12,1
1095,21,13,1
1183,21,14,1
1271,21,15,1
1359,21,16,1
1447,21,17,1
1535,21,18,1
1623,21,19,1
1711,21,20,1
1760,21,1,1
1762,21,2,1
1764,21,3,1
1766,21,4,1
1768,21,5,1
1770,21,6,1
1772,21,7,1
1774,21,8,1
1776,21,9,1
1778,21,10,1
1780,21,11,1
1782,21,12,1
1784,21,13,1
1786,21,14,1
1788,21,15,1
1790,21,16,1
1792,21,17,1
1794,21,18,1
1796,21,19,1
1798,21,20,1
1800,21,22,1
1802,21,23,1
1804,21,24,1
1806,21,25,1
1808,21,26,1
1810,21,27,1
1812,21,28,1
1814,21,29,1
1816,21,30,1
1818,21,31,1
1820,21,32,1
1822,21,33,1
1824,21,34,1
1826,21,35,1
1828,21,36,1
1830,21,37,1
1832,21,38,1
1834,21,39,1
1836,21,40,1
1838,21,41,1
1840,21,42,1
1842,21,43,1
1844,21,44,1
1846,21,45,1
1889,21,22,1
1977,21,23,1
2065,21,24,1
2153,21,25,1
2241,21,26,1
2329,21,27,1
2417,21,28,1
2505,21,29,1
2593,21,30,1
2681,21,31,1
2769,21,32,1
2857,21,33,1
2945,21,34,1
3033,21,35,1
3121,21,36,1
3209,21,37,1
3297,21,38,1
3385,21,39,1
3473,21,40,1
3561,21,41,1
3649,21,42,1
3737,21,43,1
3825,21,44,1
3913,21,45,1
41,22,1,1
129,22,2,1
217,22,3,1
305,22,4,1
393,22,5,1
481,22,6,1
569,22,7,1
657,22,8,1
745,22,9,1
833,22,10,1
921,22,11,1
1009,22,12,1
1097,22,13,1
1185,22,14,1
1273,22,15,1
1361,22,16,1
1449,22,17,1
1537,22,18,1
1625,22,19,1
1713,22,20,1
1801,22,21,1
1848,22,1,1
1850,22,2,1
1852,22,3,1
1854,22,4,1
1856,22,5,1
1858,22,6,1
1860,22,7,1
1862,22,8,1
1864,22,9,1
1866,22,10,1
1868,22,11,1
1870,22,12,1
1872,22,13,1
1874,22,14,1
1876,22,15,1
1878,22,16,1
1880,22,17,1
1882,22,18,1
1884,22,19,1
1886,22,20,1
1888,22,21,1
1890,22,23,1
1892,22,24,1
1894,22,25,1
1896,22,26,1
1898,22,27,1
1900,22,28,1
1902,22,29,1
1904,22,30,1
1906,22,31,1
1908,22,32,1
1910,22,33,1
1912,22,34,1
1914,22,35,1
1916,22,36,1
1918,22,37,1
1920,22,38,1
1922,22,39,1
1924,22,40,1
1926,22,41,1
1928,22,42,1
1930,22,43,1
1932,22,44,1
1934,22,45,1
1979,22,23,1
2067,22,24,1
2155,22,25,1
2243,22,26,1
2331,22,27,1
2419,22,28,1
2507,22,29,1
2595,22,30,1
2683,22,31,1
2771,22,32,1
2859,22,33,1
2947,22,34,1
3035,22,35,1
3123,22,36,1
3211,22,37,1
3299,22,38,1
3387,22,39,1
3475,22,40,1
3563,22,41,1
3651,22,42,1
3739,22,43,1
3827,22,44,1
3915,22,45,1
43,23,1,1
131,23,2,1
219,23,3,1
307,23,4,1
395,23,5,1
483,23,6,1
571,23,7,1
659,23,8,1
747,23,9,1
835,23,10,1
923,23,11,1
1011,23,12,1
1099,23,13,1
1187,23,14,1
1275,23,15,1
1363,23,16,1
1451,23,17,1
1539,23,18,1
1627,23,19,1
1715,23,20,1
1803,23,21,1
1891,23,22,1
1936,23,1,1
1938,23,2,1
1940,23,3,1
1942,23,4,1
1944,23,5,1
1946,23,6,1
1948,23,7,1
1950,23,8,1
1952,23,9,1
1954,23,10,1
1956,23,11,1
1958,23,12,1
1960,23,13,1
1962,23,14,1
1964,23,15,1
1966,23,16,1
1968,23,17,1
1970,23,18,1
1972,23,19,1
1974,23,20,1
1976,23,21,1
1978,23,22,1
1980,23,24,1
1982,23,25,1
1984,23,26,1
1986,23,27,1
1988,23,28,1
1990,23,29,1
1992,23,30,1
1994,23,31,1
1996,23,32,1
1998,23,33,1
2000,23,34,1
2002,23,35,1
2004,23,36,1
2006,23,37,1
2008,23,38,1
2010,23,39,1
2012,23,40,1
2014,23,41,1
2016,23,42,1
2018,23,43,1
2020,23,44,1
2022,23,45,1
2069,23,24,1
2157,23,25,1
2245,23,26,1
2333,23,27,1
2421,23,28,1
2509,23,29,1
2597,23,30,1
2685,23,31,1
2773,23,32,1
2861,23,33,1
2949,23,34,1
3037,23,35,1
3125,23,36,1
3213,23,37,1
3301,23,38,1
3389,23,39,1
3477,23,40,1
3565,23,41,1
3653,23,42,1
3741,23,43,1
3829,23,44,1
3917,23,45,1
45,24,1,1
133,24,2,1
221,24,3,1
309,24,4,1
397,24,5,1
485,24,6,1
573,24,7,1
661,24,8,1
749,24,9,1
837,24,10,1
925,24,11,1
1013,24,12,1
1101,24,13,1
1189,24,14,1
1277,24,15,1
1365,24,16,1
1453,24,17,1
1541,24,18,1
1629,24,19,1
1717,24,20,1
1805,24,21,1
1893,24,22,1
1981,24,23,1
2024,24,1,1
2026,24,2,1
2028,24,3,1
2030,24,4,1
2032,24,5,1
2034,24,6,1
2036,24,7,1
2038,24,8,1
2040,24,9,1
2042,24,10,1
2044,24,11,1
2046,24,12,1
2048,24,13,1
2050,24,14,1
2052,24,15,1
2054,24,16,1
2056,24,17,1
2058,24,18,1
2060,24,19,1
2062,24,20,1
2064,24,21,1
2066,24,22,1
2068,24,23,1
2070,24,25,1
2072,24,26,1
2074,24,27,1
2076,24,28,1
2078,24,29,1
2080,24,30,1
2082,24,31,1
2084,24,32,1
2086,24,33,1
2088,24,34,1
2090,24,35,1
2092,24,36,1
2094,24,37,1
2096,24,38,1
2098,24,39,1
2100,24,40,1
2102,24,41,1
2104,24,42,1
2106,24,43,1
2108,24,44,1
2110,24,45,1
2159,24,25,1
2247,24,26,1
2335,24,27,1
2423,24,28,1
2511,24,29,1
2599,24,30,1
2687,24,31,1
2775,24,32,1
2863,24,33,1
2951,24,34,1
3039,24,35,1
3127,24,36,1
3215,24,37,1
3303,24,38,1
3391,24,39,1
3479,24,40,1
3567,24,41,1
3655,24,42,1
3743,24,43,1
3831,24,44,1
3919,24,45,1
47,25,1,1
135,25,2,1
223,25,3,1
311,25,4,1
399,25,5,1
487,25,6,1
575,25,7,1
663,25,8,1
751,25,9,1
839,25,10,1
927,25,11,1
1015,25,12,1
1103,25,13,1
1191,25,14,1
1279,25,15,1
1367,25,16,1
1455,25,17,1
1543,25,18,1
1631,25,19,1
1719,25,20,1
1807,25,21,1
1895,25,22,1
1983,25,23,1
2071,25,24,1
2112,25,1,1
2114,25,2,1
2116,25,3,1
2118,25,4,1
2120,25,5,1
2122,25,6,1
2124,25,7,1
2126,25,8,1
2128,25,9,1
2130,25,10,1
2132,25,11,1
2134,25,12,1
2136,25,13,1
2138,25,14,1
2140,25,15,1
2142,25,16,1
2144,25,17,1
2146,25,18,1
2148,25,19,1
2150,25,20,1
2152,25,21,1
2154,25,22,1
2156,25,23,1
2158,25,24,1
2160,25,26,1
2162,25,27,1
2164,25,28,1
2166,25,29,1
2168,25,30,1
2170,25,31,1
2172,25,32,1
2174,25,33,1
2176,25,34,1
2178,25,35,1
2180,25,36,1
2182,25,37,1
2184,25,38,1
2186,25,39,1
2188,25,40,1
2190,25,41,1
2192,25,42,1
2194,25,43,1
2196,25,44,1
2198,25,45,1
2249,25,26,1
2337,25,27,1
2425,25,28,1
2513,25,29,1
2601,25,30,1
2689,25,31,1
2777,25,32,1
2865,25,33,1
2953,25,34,1
3041,25,35,1
3129,25,36,1
3217,25,37,1
3305,25,38,1
3393,25,39,1
3481,25,40,1
3569,25,41,1
3657,25,42,1
3745,25,43,1
3833,25,44,1
3921,25,45,1
49,26,1,1
137,26,2,1
225,26,3,1
313,26,4,1
401,26,5,1
489,26,6,1
577,26,7,1
665,26,8,1
753,26,9,1
841,26,10,1
929,26,11,1
1017,26,12,1
1105,26,13,1
1193,26,14,1
1281,26,15,1
1369,26,16,1
1457,26,17,1
1545,26,18,1
1633,26,19,1
1721,26,20,1
1809,26,21,1
1897,26,22,1
1985,26,23,1
2073,26,24,1
2161,26,25,1
2200,26,1,1
2202,26,2,1
2204,26,3,1
2206,26,4,1
2208,26,5,1
2210,26,6,1
2212,26,7,1
2214,26,8,1
2216,26,9,1
2218,26,10,1
2220,26,11,1
2222,26,12,1
2224,26,13,1
2226,26,14,1
2228,26,15,1
2230,26,16,1
2232,26,17,1
2234,26,18,1
2236,26,19,1
2238,26,20,1
2240,26,21,1
2242,26,22,1
2244,26,23,1
2246,26,24,1
2248,26,25,1
2250,26,27,1
2252,26,28,1
2254,26,29,1
2256,26,30,1
2258,26,31,1
2260,26,32,1
2262,26,33,1
2264,26,34,1
2266,26,35,1
2268,26,36,1
2270,26,37,1
2272,26,38,1
2274,26,39,1
2276,26,40,1
2278,26,41,1
2280,26,42,1
2282,26,43,1
2284,26,44,1
2286,26,45,1
2339,26,27,1
2427,26,28,1
2515,26,29,1
2603,26,30,1
2691,26,31,1
2779,26,32,1
2867,26,33,1
2955,26,34,1
3043,26,35,1
3131,26,36,1
3219,26,37,1
3307,26,38,1
3395,26,39,1
3483,26,40,1
3571,26,41,1
3659,26,42,1
3747,26,43,1
3835,26,44,1
3923,26,45,1
51,27,1,1
139,27,2,1
227,27,3,1
315,27,4,1
403,27,5,1
491,27,6,1
579,27,7,1
667,27,8,1
755,27,9,1
843,27,10,1
931,27,11,1
1019,27,12,1
1107,27,13,1
1195,27,14,1
1283,27,15,1
1371,27,16,1
1459,27,17,1
1547,27,18,1
1635,27,19,1
1723,27,20,1
1811,27,21,1
1899,27,22,1
1987,27,23,1
2075,27,24,1
2163,27,25,1
2251,27,26,1
2288,27,1,1
2290,27,2,1
2292,27,3,1
2294,27,4,1
2296,27,5,1
2298,27,6,1
2300,27,7,1
2302,27,8,1
2304,27,9,1
2306,27,10,1
2308,27,11,1
2310,27,12,1
2312,27,13,1
2314,27,14,1
2316,27,15,1
2318,27,16,1
2320,27,17,1
2322,27,18,1
2324,27,19,1
2326,27,20,1
2328,27,21,1
2330,27,22,1
2332,27,23,1
2334,27,24,1
2336,27,25,1
2338,27,26,1
2340,27,28,1
2342,27,29,1
2344,27,30,1
2346,27,31,1
2348,27,32,1
2350,27,33,1
2352,27,34,1
2354,27,35,1
2356,27,36,1
2358,27,37,1
2360,27,38,1
2362,27,39,1
2364,27,40,1
2366,27,41,1
2368,27,42,1
2370,27,43,1
2372,27,44,1
2374,27,45,1
2429,27,28,1
2517,27,29,1
2605,27,30,1
2693,27,31,1
2781,27,32,1
2869,27,33,1
2957,27,34,1
3045,27,35,1
3133,27,36,1
3221,27,37,1
3309,27,38,1
3397,27,39,1
3485,27,40,1
3573,27,41,1
3661,27,42,1
3749,27,43,1
3837,27,44,1
3925,27,45,1
53,28,1,1
141,28,2,1
229,28,3,1
317,28,4,1
405,28,5,1
493,28,6,1
581,28,7,1
669,28,8,1
757,28,9,1
845,28,10,1
933,28,11,1
1021,28,12,1
1109,28,13,1
1197,28,14,1
1285,28,15,1
1373,28,16,1
1461,28,17,1
1549,28,18,1
1637,28,19,1
1725,28,20,1
1813,28,21,1
1901,28,22,1
1989,28,23,1
2077,28,24,1
2165,28,25,1
2253,28,26,1
2341,28,27,1
2376,28,1,1
2378,28,2,1
2380,28,3,1
2382,28,4,1
2384,28,5,1
2386,28,6,1
2388,28,7,1
2390,28,8,1
2392,28,9,1
2394,28,10,1
2396,28,11,1
2398,28,12,1
2400,28,13,1
2402,28,14,1
2404,28,15,1
2406,28,16,1
2408,28,17,1
2410,28,18,1
2412,28,19,1
2414,28,20,1
2416,28,21,1
2418,28,22,1
2420,28,23,1
2422,28,24,1
2424,28,25,1
2426,28,26,1
2428,28,27,1
2430,28,29,1
2432,28,30,1
2434,28,31,1
2436,28,32,1
2438,28,33,1
2440,28,34,1
2442,28,35,1
2444,28,36,1
2446,28,37,1
2448,28,38,1
2450,28,39,1
2452,28,40,1
2454,28,41,1
2456,28,42,1
2458,28,43,1
2460,28,44,1
2462,28,45,1
2519,28,29,1
2607,28,30,1
2695,28,31,1
2783,28,32,1
2871,28,33,1
2959,28,34,1
3047,28,35,1
3135,28,36,1
3223,28,37,1
3311,28,38,1
3399,28,39,1
3487,28,40,1
3575,28,41,1
3663,28,42,1
3751,28,43,1
3839,28,44,1
3927,28,45,1
55,29,1,1
143,29,2,1
231,29,3,1
319,29,4,1
407,29,5,1
495,29,6,1
583,29,7,1
671,29,8,1
759,29,9,1
847,29,10,1
935,29,11,1
1023,29,12,1
1111,29,13,1
1199,29,14,1
1287,29,15,1
1375,29,16,1
1463,29,17,1
1551,29,18,1
1639,29,19,1
1727,29,20,1
1815,29,21,1
1903,29,22,1
1991,29,23,1
2079,29,24,1
2167,29,25,1
2255,29,26,1
2343,29,27,1
2431,29,28,1
2464,29,1,1
2466,29,2,1
2468,29,3,1
2470,29,4,1
2472,29,5,1
2474,29,6,1
2476,29,7,1
2478,29,8,1
2480,29,9,1
2482,29,10,1
2484,29,11,1
2486,29,12,1
2488,29,13,1
2490,29,14,1
2492,29,15,1
2494,29,16,1
2496,29,17,1
2498,29,18,1
2500,29,19,1
2502,29,20,1
2504,29,21,1
2506,29,22,1
2508,29,23,1
2510,29,24,1
2512,29,25,1
2514,29,26,1
2516,29,27,1
2518,29,28,1
2520,29,30,1
2522,29,31,1
2524,29,32,1
2526,29,33,1
2528,29,34,1
2530,29,35,1
2532,29,36,1
2534,29,37,1
2536,29,38,1
2538,29,39,1
2540,29,40,1
2542,29,41,1
2544,29,42,1
2546,29,43,1
2548,29,44,1
2550,29,45,1
2609,29,30,1
2697,29,31,1
2785,29,32,1
2873,29,33,1
2961,29,34,1
3049,29,35,1
3137,29,36,1
3225,29,37,1
3313,29,38,1
3401,29,39,1
3489,29,40,1
3577,29,41,1
3665,29,42,1
3753,29,43,1
3841,29,44,1
3929,29,45,1
57,30,1,1
145,30,2,1
233,30,3,1
321,30,4,1
409,30,5,1
497,30,6,1
585,30,7,1
673,30,8,1
761,30,9,1
849,30,10,1
937,30,11,1
1025,30,12,1
1113,30,13,1
1201,30,14,1
1289,30,15,1
1377,30,16,1
1465,30,17,1
1553,30,18,1
1641,30,19,1
1729,30,20,1
1817,30,21,1
1905,30,22,1
1993,30,23,1
2081,30,24,1
2169,30,25,1
2257,30,26,1
2345,30,27,1
2433,30,28,1
2521,30,29,1
2552,30,1,1
2554,30,2,1
2556,30,3,1
2558,30,4,1
2560,30,5,1
2562,30,6,1
2564,30,7,1
2566,30,8,1
2568,30,9,1
2570,30,10,1
2572,30,11,1
2574,30,12,1
2576,30,13,1
2578,30,14,1
2580,30,15,1
2582,30,16,1
2584,30,17,1
2586,30,18,1
2588,30,19,1
2590,30,20,1
2592,30,21,1
2594,30,22,1
2596,30,23,1
2598,30,24,1
2600,30,25,1
2602,30,26,1
2604,30,27,1
2606,30,28,1
2608,30,29,1
2610,30,31,1
2612,30,32,1
2614,30,33,1
2616,30,34,1
2618,30,35,1
2620,30,36,1
2622,30,37,1
2624,30,38,1
2626,30,39,1
2628,30,40,1
2630,30,41,1
2632,30,42,1
2634,30,43,1
2636,30,44,1
2638,30,45,1
2699,30,31,1
2787,30,32,1
2875,30,33,1
2963,30,34,1
3051,30,35,1
3139,30,36,1
3227,30,37,1
3315,30,38,1
3403,30,39,1
3491,30,40,1
3579,30,41,1
3667,30,42,1
3755,30,43,1
3843,30,44,1
3931,30,45,1
59,31,1,1
147,31,2,1
235,31,3,1
323,31,4,1
411,31,5,1
499,31,6,1
587,31,7,1
675,31,8,1
763,31,9,1
851,31,10,1
939,31,11,1
1027,31,12,1
1115,31,13,1
1203,31,14,1
1291,31,15,1
1379,31,16,1
1467,31,17,1
1555,31,18,1
1643,31,19,1
1731,31,20,1
1819,31,21,1
1907,31,22,1
1995,31,23,1
2083,31,24,1
2171,31,25,1
2259,31,26,1
2347,31,27,1
2435,31,28,1
2523,31,29,1
2611,31,30,1
2640,31,1,1
2642,31,2,1
2644,31,3,1
2646,31,4,1
2648,31,5,1
2650,31,6,1
2652,31,7,1
2654,31,8,1
2656,31,9,1
2658,31,10,1
2660,31,11,1
2662,31,12,1
2664,31,13,1
2666,31,14,1
2668,31,15,1
2670,31,16,1
2672,31,17,1
2674,31,18,1
2676,31,19,1
2678,31,20,1
2680,31,21,1
2682,31,22,1
2684,31,23,1
2686,31,24,1
2688,31,25,1
2690,31,26,1
2692,31,27,1
2694,31,28,1
2696,31,29,1
2698,31,30,1
2700,31,32,1
2702,31,33,1
2704,31,34,1
2706,31,35,1
2708,31,36,1
2710,31,37,1
2712,31,38,1
2714,31,39,1
2716,31,40,1
2718,31,41,1
2720,31,42,1
2722,31,43,1
2724,31,44,1
2726,31,45,1
2789,31,32,1
2877,31,33,1
2965,31,34,1
3053,31,35,1
3141,31,36,1
3229,31,37,1
3317,31,38,1
3405,31,39,1
3493,31,40,1
3581,31,41,1
3669,31,42,1
3757,31,43,1
3845,31,44,1
3933,31,45,1
61,32,1,1
149,32,2,1
237,32,3,1
325,32,4,1
413,32,5,1
501,32,6,1
589,32,7,1
677,32,8,1
765,32,9,1
853,32,10,1
941,32,11,1
1029,32,12,1
1117,32,13,1
1205,32,14,1
1293,32,15,1
1381,32,16,1
1469,32,17,1
1557,32,18,1
1645,32,19,1
1733,32,20,1
1821,32,21,1
1909,32,22,1
1997,32,23,1
2085,32,24,1
2173,32,25,1
2261,32,26,1
2349,32,27,1
2437,32,28,1
2525,32,29,1
2613,32,30,1
2701,32,31,1
2728,32,1,1
2730,32,2,1
2732,32,3,1
2734,32,4,1
2736,32,5,1
2738,32,6,1
2740,32,7,1
2742,32,8,1
2744,32,9,1
2746,32,10,1
2748,32,11,1
2750,32,12,1
2752,32,13,1
2754,32,14,1
2756,32,15,1
2758,32,16,1
2760,32,17,1
2762,32,18,1
2764,32,19,1
2766,32,20,1
2768,32,21,1
2770,32,22,1
2772,32,23,1
2774,32,24,1
2776,32,25,1
2778,32,26,1
2780,32,27,1
2782,32,28,1
2784,32,29,1
2786,32,30,1
2788,32,31,1
2790,32,33,1
2792,32,34,1
2794,32,35,1
2796,32,36,1
2798,32,37,1
2800,32,38,1
2802,32,39,1
2804,32,40,1
2806,32,41,1
2808,32,42,1
2810,32,43,1
2812,32,44,1
2814,32,45,1
2879,32,33,1
2967,32,34,1
3055,32,35,1
3143,32,36,1
3231,32,37,1
3319,32,38,1
3407,32,39,1
3495,32,40,1
3583,32,41,1
3671,32,42,1
3759,32,43,1
3847,32,44,1
3935,32,45,1
63,33,1,1
151,33,2,1
239,33,3,1
327,33,4,1
415,33,5,1
503,33,6,1
591,33,7,1
679,33,8,1
767,33,9,1
855,33,10,1
943,33,11,1
1031,33,12,1
1119,33,13,1
1207,33,14,1
1295,33,15,1
1383,33,16,1
1471,33,17,1
1559,33,18,1
1647,33,19,1
1735,33,20,1
1823,33,21,1
1911,33,22,1
1999,33,23,1
2087,33,24,1
2175,33,25,1
2263,33,26,1
2351,33,27,1
2439,33,28,1
2527,33,29,1
2615,33,30,1
2703,33,31,1
2791,33,32,1
2816,33,1,1
2818,33,2,1
2820,33,3,1
2822,33,4,1
2824,33,5,1
2826,33,6,1
2828,33,7,1
2830,33,8,1
2832,33,9,1
2834,33,10,1
2836,33,11,1
2838,33,12,1
2840,33,13,1
2842,33,14,1
2844,33,15,1
2846,33,16,1
2848,33,17,1
2850,33,18,1
2852,33,19,1
2854,33,20,1
2856,33,21,1
2858,33,22,1
2860,33,23,1
2862,33,24,1
2864,33,25,1
2866,33,26,1
2868,33,27,1
2870,33,28,1
2872,33,29,1
2874,33,30,1
2876,33,31,1
2878,33,32,1
2880,33,34,1
2882,33,35,1
2884,33,36,1
2886,33,37,1
2888,33,38,1
2890,33,39,1
2892,33,40,1
2894,33,41,1
2896,33,42,1
2898,33,43,1
2900,33,44,1
2902,33,45,1
2969,33,34,1
3057,33,35,1
3145,33,36,1
3233,33,37,1
3321,33,38,1
3409,33,39,1
3497,33,40,1
3585,33,41,1
3673,33,42,1
3761,33,43,1
3849,33,44,1
3937,33,45,1
65,34,1,1
153,34,2,1
241,34,3,1
329,34,4,1
417,34,5,1
505,34,6,1
593,34,7,1
681,34,8,1
769,34,9,1
857,34,10,1
945,34,11,1
1033,34,12,1
1121,34,13,1
1209,34,14,1
1297,34,15,1
1385,34,16,1
1473,34,17,1
1561,34,18,1
1649,34,19,1
1737,34,20,1
1825,34,21,1
1913,34,22,1
2001,34,23,1
2089,34,24,1
2177,34,25,1
2265,34,26,1
2353,34,27,1
2441,34,28,1
2529,34,29,1
2617,34,30,1
2705,34,31,1
2793,34,32,1
2881,34,33,1
2904,34,1,1
2906,34,2,1
2908,34,3,1
2910,34,4,1
2912,34,5,1
2914,34,6,1
2916,34,7,1
2918,34,8,1
2920,34,9,1
2922,34,10,1
2924,34,11,1
2926,34,12,1
2928,34,13,1
2930,34,14,1
2932,34,15,1
2934,34,16,1
2936,34,17,1
2938,34,18,1
2940,34,19,1
2942,34,20,1
2944,34,21,1
2946,34,22,1
2948,34,23,1
2950,34,24,1
2952,34,25,1
2954,34,26,1
2956,34,27,1
2958,34,28,1
2960,34,29,1
2962,34,30,1
2964,34,31,1
2966,34,32,1
2968,34,33,1
2970,34,35,1
2972,34,36,1
2974,34,37,1
2976,34,38,1
2978,34,39,1
2980,34,40,1
2982,34,41,1
2984,34,42,1
2986,34,43,1
2988,34,44,1
2990,34,45,1
3059,34,35,1
3147,34,36,1
3235,34,37,1
3323,34,38,1
3411,34,39,1
3499,34,40,1
3587,34,41,1
3675,34,42,1
3763,34,43,1
3851,34,44,1
3939,34,45,1
67,35,1,1
155,35,2,1
243,35,3,1
331,35,4,1
419,35,5,1
507,35,6,1
595,35,7,1
683,35,8,1
771,35,9,1
859,35,10,1
947,35,11,1
1035,35,12,1
1123,35,13,1
1211,35,14,1
1299,35,15,1
1387,35,16,1
1475,35,17,1
1563,35,18,1
1651,35,19,1
1739,35,20,1
1827,35,21,1
1915,35,22,1
2003,35,23,1
2091,35,24,1
2179,35,25,1
2267,35,26,1
2355,35,27,1
2443,35,28,1
2531,35,29,1
2619,35,30,1
2707,35,31,1
2795,35,32,1
2883,35,33,1
2971,35,34,1
2992,35,1,1
2994,35,2,1
2996,35,3,1
2998,35,4,1
3000,35,5,1
3002,35,6,1
3004,35,7,1
3006,35,8,1
3008,35,9,1
3010,35,10,1
3012,35,11,1
3014,35,12,1
3016,35,13,1
3018,35,14,1
3020,35,15,1
3022,35,16,1
3024,35,17,1
3026,35,18,1
3028,35,19,1
3030,35,20,1
3032,35,21,1
3034,35,22,1
3036,35,23,1
3038,35,24,1
3040,35,25,1
3042,35,26,1
3044,35,27,1
3046,35,28,1
3048,35,29,1
3050,35,30,1
3052,35,31,1
3054,35,32,1
3056,35,33,1
3058,35,34,1
3060,35,36,1
3062,35,37,1
3064,35,38,1
3066,35,39,1
3068,35,40,1
3070,35,41,1
3072,35,42,1
3074,35,43,1
3076,35,44,1
3078,35,45,1
3149,35,36,1
3237,35,37,1
3325,35,38,1
3413,35,39,1
3501,35,40,1
3589,35,41,1
3677,35,42,1
3765,35,43,1
3853,35,44,1
3941,35,45,1
69,36,1,1
157,36,2,1
245,36,3,1
333,36,4,1
421,36,5,1
509,36,6,1
597,36,7,1
685,36,8,1
773,36,9,1
861,36,10,1
949,36,11,1
1037,36,12,1
1125,36,13,1
1213,36,14,1
1301,36,15,1
1389,36,16,1
1477,36,17,1
1565,36,18,1
1653,36,19,1
1741,36,20,1
1829,36,21,1
1917,36,22,1
2005,36,23,1
2093,36,24,1
2181,36,25,1
2269,36,26,1
2357,36,27,1
2445,36,28,1
2533,36,29,1
2621,36,30,1
2709,36,31,1
2797,36,32,1
2885,36,33,1
2973,36,34,1
3061,36,35,1
3080,36,1,1
3082,36,2,1
3084,36,3,1
3086,36,4,1
3088,36,5,1
3090,36,6,1
3092,36,7,1
3094,36,8,1
3096,36,9,1
3098,36,10,1
3100,36,11,1
3102,36,12,1
3104,36,13,1
3106,36,14,1
3108,36,15,1
3110,36,16,1
3112,36,17,1
3114,36,18,1
3116,36,19,1
3118,36,20,1
3120,36,21,1
3122,36,22,1
3124,36,23,1
3126,36,24,1
3128,36,25,1
3130,36,26,1
3132,36,27,1
3134,36,28,1
3136,36,29,1
3138,36,30,1
3140,36,31,1
3142,36,32,1
3144,36,33,1
3146,36,34,1
3148,36,35,1
3150,36,37,1
3152,36,38,1
3154,36,39,1
3156,36,40,1
3158,36,41,1
3160,36,42,1
3162,36,43,1
3164,36,44,1
3166,36,45,1
3239,36,37,1
3327,36,38,1
3415,36,39,1
3503,36,40,1
3591,36,41,1
3679,36,42,1
3767,36,43,1
3855,36,44,1
3943,36,45,1
71,37,1,1
159,37,2,1
247,37,3,1
335,37,4,1
423,37,5,1
511,37,6,1
599,37,7,1
687,37,8,1
775,37,9,1
863,37,10,1
951,37,11,1
1039,37,12,1
1127,37,13,1
1215,37,14,1
1303,37,15,1
1391,37,16,1
1479,37,17,1
1567,37,18,1
1655,37,19,1
1743,37,20,1
1831,37,21,1
1919,37,22,1
2007,37,23,1
2095,37,24,1
2183,37,25,1
2271,37,26,1
2359,37,27,1
2447,37,28,1
2535,37,29,1
2623,37,30,1
2711,37,31,1
2799,37,32,1
2887,37,33,1
2975,37,34,1
3063,37,35,1
3151,37,36,1
3168,37,1,1
3170,37,2,1
3172,37,3,1
3174,37,4,1
3176,37,5,1
3178,37,6,1
3180,37,7,1
3182,37,8,1
3184,37,9,1
3186,37,10,1
3188,37,11,1
3190,37,12,1
3192,37,13,1
3194,37,14,1
3196,37,15,1
3198,37,16,1
3200,37,17,1
3202,37,18,1
3204,37,19,1
3206,37,20,1
3208,37,21,1
3210,37,22,1
3212,37,23,1
3214,37,24,1
3216,37,25,1
3218,37,26,1
3220,37,27,1
3222,37,28,1
3224,37,29,1
3226,37,30,1
3228,37,31,1
3230,37,32,1
3232,37,33,1
3234,37,34,1
3236,37,35,1
3238,37,36,1
3240,37,38,1
3242,37,39,1
3244,37,40,1
3246,37,41,1
3248,37,42,1
3250,37,43,1
3252,37,44,1
3254,37,45,1
3329,37,38,1
3417,37,39,1
3505,37,40,1
3593,37,41,1
3681,37,42,1
3769,37,43,1
3857,37,44,1
3945,37,45,1
73,38,1,1
161,38,2,1
249,38,3,1
337,38,4,1
425,38,5,1
513,38,6,1
601,38,7,1
689,38,8,1
777,38,9,1
865,38,10,1
953,38,11,1
1041,38,12,1
1129,38,13,1
1217,38,14,1
1305,38,15,1
1393,38,16,1
1481,38,17,1
1569,38,18,1
1657,38,19,1
1745,38,20,1
1833,38,21,1
1921,38,22,1
2009,38,23,1
2097,38,24,1
2185,38,25,1
2273,38,26,1
2361,38,27,1
2449,38,28,1
2537,38,29,1
2625,38,30,1
2713,38,31,1
2801,38,32,1
2889,38,33,1
2977,38,34,1
3065,38,35,1
3153,38,36,1
3241,38,37,1
3256,38,1,1
3258,38,2,1
3260,38,3,1
3262,38,4,1
3264,38,5,1
3266,38,6,1
3268,38,7,1
3270,38,8,1
3272,38,9,1
3274,38,10,1
3276,38,11,1
3278,38,12,1
3280,38,13,1
3282,38,14,1
3284,38,15,1
3286,38,16,1
3288,38,17,1
3290,38,18,1
3292,38,19,1
3294,38,20,1
3296,38,21,1
3298,38,22,1
3300,38,23,1
3302,38,24,1
3304,38,25,1
3306,38,26,1
3308,38,27,1
3310,38,28,1
3312,38,29,1
3314,38,30,1
3316,38,31,1
3318,38,32,1
3320,38,33,1
3322,38,34,1
3324,38,35,1
3326,38,36,1
3328,38,37,1
3330,38,39,1
3332,38,40,1
3334,38,41,1
3336,38,42,1
3338,38,43,1
3340,38,44,1
3342,38,45,1
3419,38,39,1
3507,38,40,1
3595,38,41,1
3683,38,42,1
3771,38,43,1
3859,38,44,1
3947,38,45,1
75,39,1,1
163,39,2,1
251,39,3,1
339,39,4,1
427,39,5,1
515,39,6,1
603,39,7,1
691,39,8,1
779,39,9,1
867,39,10,1
955,39,11,1
1043,39,12,1
1131,39,13,1
1219,39,14,1
1307,39,15,1
1395,39,16,1
1483,39,17,1
1571,39,18,1
1659,39,19,1
1747,39,20,1
1835,39,21,1
1923,39,22,1
2011,39,23,1
2099,39,24,1
2187,39,25,1
2275,39,26,1
2363,39,27,1
2451,39,28,1
2539,39,29,1
2627,39,30,1
2715,39,31,1
2803,39,32,1
2891,39,33,1
2979,39,34,1
3067,39,35,1
3155,39,36,1
3243,39,37,1
3331,39,38,1
3344,39,1,1
3346,39,2,1
3348,39,3,1
3350,39,4,1
3352,39,5,1
3354,39,6,1
3356,39,7,1
3358,39,8,1
3360,39,9,1
3362,39,10,1
3364,39,11,1
3366,39,12,1
3368,39,13,1
3370,39,14,1
3372,39,15,1
3374,39,16,1
3376,39,17,1
3378,39,18,1
3380,39,19,1
3382,39,20,1
3384,39,21,1
3386,39,22,1
3388,39,23,1
3390,39,24,1
3392,39,25,1
3394,39,26,1
3396,39,27,1
3398,39,28,1
3400,39,29,1
3402,39,30,1
3404,39,31,1
3406,39,32,1
3408,39,33,1
3410,39,34,1
3412,39,35,1
3414,39,36,1
3416,39,37,1
3418,39,38,1
3420,39,40,1
3422,39,41,1
3424,39,42,1
3426,39,43,1
3428,39,44,1
3430,39,45,1
3509,39,40,1
3597,39,41,1
3685,39,42,1
3773,39,43,1
3861,39,44,1
3949,39,45,1
77,40,1,1
165,40,2,1
253,40,3,1
341,40,4,1
429,40,5,1
517,40,6,1
605,40,7,1
693,40,8,1
781,40,9,1
869,40,10,1
957,40,11,1
1045,40,12,1
1133,40,13,1
1221,40,14,1
1309,40,15,1
1397,40,16,1
1485,40,17,1
1573,40,18,1
1661,40,19,1
1749,40,20,1
1837,40,21,1
1925,40,22,1
2013,40,23,1
2101,40,24,1
2189,40,25,1
2277,40,26,1
2365,40,27,1
2453,40,28,1
2541,40,29,1
2629,40,30,1
2717,40,31,1
2805,40,32,1
2893,40,33,1
2981,40,34,1
3069,40,35,1
3157,40,36,1
3245,40,37,1
3333,40,38,1
3421,40,39,1
3432,40,1,1
3434,40,2,1
3436,40,3,1
3438,40,4,1
3440,40,5,1
3442,40,6,1
3444,40,7,1
3446,40,8,1
3448,40,9,1
3450,40,10,1
3452,40,11,1
3454,40,12,1
3456,40,13,1
3458,40,14,1
3460,40,15,1
3462,40,16,1
3464,40,17,1
3466,40,18,1
3468,40,19,1
3470,40,20,1
3472,40,21,1
3474,40,22,1
3476,40,23,1
3478,40,24,1
3480,40,25,1
3482,40,26,1
3484,40,27,1
3486,40,28,1
3488,40,29,1
3490,40,30,1
3492,40,31,1
3494,40,32,1
3496,40,33,1
3498,40,34,1
3500,40,35,1
3502,40,36,1
3504,40,37,1
3506,40,38,1
3508,40,39,1
3510,40,41,1
3512,40,42,1
3514,40,43,1
3516,40,44,1
3518,40,45,1
3599,40,41,1
3687,40,42,1
3775,40,43,1
3863,40,44,1
3951,40,45,1
79,41,1,1
167,41,2,1
255,41,3,1
343,41,4,1
431,41,5,1
519,41,6,1
607,41,7,1
695,41,8,1
783,41,9,1
871,41,10,1
959,41,11,1
1047,41,12,1
1135,41,13,1
1223,41,14,1
1311,41,15,1
1399,41,16,1
1487,41,17,1
1575,41,18,1
1663,41,19,1
1751,41,20,1
1839,41,21,1
1927,41,22,1
2015,41,23,1
2103,41,24,1
2191,41,25,1
2279,41,26,1
2367,41,27,1
2455,41,28,1
2543,41,29,1
2631,41,30,1
2719,41,31,1
2807,41,32,1
2895,41,33,1
2983,41,34,1
3071,41,35,1
3159,41,36,1
3247,41,37,1
3335,41,38,1
3423,41,39,1
3511,41,40,1
3520,41,1,1
3522,41,2,1
3524,41,3,1
3526,41,4,1
3528,41,5,1
3530,41,6,1
3532,41,7,1
3534,41,8,1
3536,41,9,1
3538,41,10,1
3540,41,11,1
3542,41,12,1
3544,41,13,1
3546,41,14,1
3548,41,15,1
3550,41,16,1
3552,41,17,1
3554,41,18,1
3556,41,19,1
3558,41,20,1
3560,41,21,1
3562,41,22,1
3564,41,23,1
3566,41,24,1
3568,41,25,1
3570,41,26,1
3572,41,27,1
3574,41,28,1
3576,41,29,1
3578,41,30,1
3580,41,31,1
3582,41,32,1
3584,41,33,1
3586,41,34,1
3588,41,35,1
3590,41,36,1
3592,41,37,1
3594,41,38,1
3596,41,39,1
3598,41,40,1
3600,41,42,1
3602,41,43,1
3604,41,44,1
3606,41,45,1
3689,41,42,1
3777,41,43,1
3865,41,44,1
3953,41,45,1
81,42,1,1
169,42,2,1
257,42,3,1
345,42,4,1
433,42,5,1
521,42,6,1
609,42,7,1
697,42,8,1
785,42,9,1
873,42,10,1
961,42,11,1
1049,42,12,1
1137,42,13,1
1225,42,14,1
1313,42,15,1
1401,42,16,1
1489,42,17,1
1577,42,18,1
1665,42,19,1
1753,42,20,1
1841,42,21,1
1929,42,22,1
2017,42,23,1
2105,42,24,1
2193,42,25,1
2281,42,26,1
2369,42,27,1
2457,42,28,1
2545,42,29,1
2633,42,30,1
2721,42,31,1
2809,42,32,1
2897,42,33,1
2985,42,34,1
3073,42,35,1
3161,42,36,1
3249,42,37,1
3337,42,38,1
3425,42,39,1
3513,42,40,1
3601,42,41,1
3608,42,1,1
3610,42,2,1
3612,42,3,1
3614,42,4,1
3616,42,5,1
3618,42,6,1
3620,42,7,1
3622,42,8,1
3624,42,9,1
3626,42,10,1
3628,42,11,1
3630,42,12,1
3632,42,13,1
3634,42,14,1
3636,42,15,1
3638,42,16,1
3640,42,17,1
3642,42,18,1
3644,42,19,1
3646,42,20,1
3648,42,21,1
3650,42,22,1
3652,42,23,1
3654,42,24,1
3656,42,25,1
3658,42,26,1
3660,42,27,1
3662,42,28,1
3664,42,29,1
3666,42,30,1
3668,42,31,1
3670,42,32,1
3672,42,33,1
3674,42,34,1
3676,42,35,1
3678,42,36,1
3680,42,37,1
3682,42,38,1
3684,42,39,1
3686,42,40,1
3688,42,41,1
3690,42,43,1
3692,42,44,1
3694,42,45,1
3779,42,43,1
3867,42,44,1
3955,42,45,1
83,43,1,1
171,43,2,1
259,43,3,1
347,43,4,1
435,43,5,1
523,43,6,1
611,43,7,1
699,43,8,1
787,43,9,1
875,43,10,1
963,43,11,1
1051,43,12,1
1139,43,13,1
1227,43,14,1
1315,43,15,1
1403,43,16,1
1491,43,17,1
1579,43,18,1
1667,43,19,1
1755,43,20,1
1843,43,21,1
1931,43,22,1
2019,43,23,1
2107,43,24,1
2195,43,25,1
2283,43,26,1
2371,43,27,1
2459,43,28,1
2547,43,29,1
2635,43,30,1
2723,43,31,1
2811,43,32,1
2899,43,33,1
2987,43,34,1
3075,43,35,1
3163,43,36,1
3251,43,37,1
3339,43,38,1
3427,43,39,1
3515,43,40,1
3603,43,41,1
3691,43,42,1
3696,43,1,1
3698,43,2,1
3700,43,3,1
3702,43,4,1
3704,43,5,1
3706,43,6,1
3708,43,7,1
3710,43,8,1
3712,43,9,1
3714,43,10,1
3716,43,11,1
3718,43,12,1
3720,43,13,1
3722,43,14,1
3724,43,15,1
3726,43,16,1
3728,43,17,1
3730,43,18,1
3732,43,19,1
3734,43,20,1
3736,43,21,1
3738,43,22,1
3740,43,23,1
3742,43,24,1
3744,43,25,1
3746,43,26,1
3748,43,27,1
3750,43,28,1
3752,43,29,1
3754,43,30,1
3756,43,31,1
3758,43,32,1
3760,43,33,1
3762,43,34,1
3764,43,35,1
3766,43,36,1
3768,43,37,1
3770,43,38,1
3772,43,39,1
3774,43,40,1
3776,43,41,1
3778,43,42,1
3780,43,44,1
3782,43,45,1
3869,43,44,1
3957,43,45,1
85,44,1,1
173,44,2,1
261,44,3,1
349,44,4,1
437,44,5,1
525,44,6,1
613,44,7,1
701,44,8,1
789,44,9,1
877,44,10,1
965,44,11,1
1053,44,12,1
1141,44,13,1
1229,44,14,1
1317,44,15,1
1405,44,16,1
1493,44,17,1
1581,44,18,1
1669,44,19,1
1757,44,20,1
1845,44,21,1
1933,44,22,1
2021,44,23,1
2109,44,24,1
2197,44,25,1
2285,44,26,1
2373,44,27,1
2461,44,28,1
2549,44,29,1
2637,44,30,1
2725,44,31,1
2813,44,32,1
2901,44,33,1
2989,44,34,1
3077,44,35,1
3165,44,36,1
3253,44,37,1
3341,44,38,1
3429,44,39,1
3517,44,40,1
3605,44,41,1
3693,44,42,1
3781,44,43,1
3784,44,1,1
3786,44,2,1
3788,44,3,1
3790,44,4,1
3792,44,5,1
3794,44,6,1
3796,44,7,1
3798,44,8,1
3800,44,9,1
3802,44,10,1
3804,44,11,1
3806,44,12,1
3808,44,13,1
3810,44,14,1
3812,44,15,1
3814,44,16,1
3816,44,17,1
3818,44,18,1
3820,44,19,1
3822,44,20,1
3824,44,21,1
3826,44,22,1
3828,44,23,1
3830,44,24,1
3832,44,25,1
3834,44,26,1
3836,44,27,1
3838,44,28,1
3840,44,29,1
3842,44,30,1
3844,44,31,1
3846,44,32,1
3848,44,33,1
3850,44,34,1
3852,44,35,1
3854,44,36,1
3856,44,37,1
3858,44,38,1
3860,44,39,1
3862,44,40,1
3864,44,41,1
3866,44,42,1
3868,44,43,1
3870,44,45,1
3959,44,45,1
