,source,target
220498,3813,3798
220500,3813,3801
220502,3813,3802
220504,3813,3803
220506,3813,3806
220508,3813,3807
220510,3813,3808
220512,3813,3809
220514,3813,3810
220516,3813,3811
220518,3813,3816
220520,3813,3819
220522,3813,3820
220524,3813,3822
220526,3813,3823
220528,3813,3826
220530,3813,3827
220532,3813,3828
220534,3814,3759
220536,3814,3760
220538,3814,3763
220540,3814,3765
220542,3814,3768
220544,3814,3769
220546,3814,3773
220548,3814,3774
220550,3814,3775
220552,3814,3776
220554,3814,3778
220556,3814,3779
220558,3814,3780
220560,3814,3782
220562,3814,3784
220564,3814,3787
220566,3814,3788
220568,3814,3790
220570,3814,3792
220572,3814,3793
220574,3814,3794
220576,3814,3795
220578,3814,3798
220580,3814,3801
220582,3814,3803
220584,3814,3806
220586,3814,3810
220588,3814,3811
220590,3814,3816
220592,3814,3817
220594,3814,3819
220596,3814,3820
220598,3814,3826
220600,3814,3827
220602,3814,3828
220604,3815,3758
220606,3815,3759
220608,3815,3760
220610,3815,3761
220612,3815,3762
220614,3815,3763
220616,3815,3765
220618,3815,3766
220620,3815,3767
220622,3815,3768
220624,3815,3769
220626,3815,3770
220628,3815,3772
220630,3815,3773
220632,3815,3774
220634,3815,3775
220636,3815,3776
220638,3815,3778
220640,3815,3779
220642,3815,3780
220644,3815,3782
220646,3815,3783
220648,3815,3784
220650,3815,3786
220652,3815,3787
220654,3815,3788
220656,3815,3790
220658,3815,3792
